N. clusters,ARI
2,0.5925136833929344
3,0.46739211453810564
4,0.4094189174111068
5,0.4576893379420981
