N. clusters,ARI
5,0.20534095649825382
6,0.23352612736933556
7,0.252042708101136
8,0.28580818107551237
9,0.3764547087146737
10,0.2901585219155796
11,0.508576361457369
12,0.3495890768576417
