N. clusters,ARI
2,0.042337834278840324
3,0.013803167012968147
4,0.029446712675840394
5,0.01543614839899371
