N. clusters,ARI
2,0.0
3,0.029007259231723245
4,0.0007364102917954594
5,0.019950920385228072
